[
     
    {
        "order": 10,
        "id" : "Welcome",
        "class": "",
        "covervisible" : "not-visible",
        "clickable" : "",
        "heading": "team-letter", 
        "imageUrl": "", 
        "bigTitle": "Letter from the Team", 
        "type" : "welcome evolution approach partners communities reach impact team contact",
        "width" : "col-md-12",
        "height" : "",
        "modal": "modal",
        "html"  : "<h1>Letter from the Team</h1><p>From 2008 to 2013, the Knowledge-Driven Microenterprise Development (KDMD) Project supported USAID in developing its knowledge management and learning capacities. At its core, knowledge management is about sharing lessons learned and best practices – which is why we are excited to present our experiences and achievements through this interactive final report.<br><br>KDMD was originally created as a knowledge management project under the former Microenterprise Development office (now E3/MPEP/MD) with the purpose of helping international development practitioners learn, coordinate, and distribute foreign assistance more effectively. We began with just eight full-time staff assisting USAID in the management of seminars and creation of learning products. However, as we gained recognition for the quality and importance of this work, 12 additional USAID operating units bought into our project and our staff grew three-fold.<br><br>Along the way, we’ve increased our skill set to encompass innovative techniques such as facilitating online seminar participation, using social media to share best practices, and creating online learning communities. As the field of knowledge management has evolved, the KDMD team has stayed informed of leading trends and opportunities to engage international development stakeholders in new and creative ways that foster learning and maximize the impact of development efforts.<br><br>Over the years, KDMD played a major role in promoting knowledge management and learning at USAID and in the broader international development community. Our knowledge products have attracted thousands of participants, users, and viewers. To accomplish this, our team spent thousands of hours supporting our partners – and we’re proud to share the results.<br><br>As you scroll through this final report, you’ll see a story of the challenges that KDMD faced, our solutions, our partners in learning, what we’ve learned, and our impact. We hope you’ll continue our story by reflecting on how our experiences relate to your own work and that you’ll be inspired to share these lessons with others.<br><br>Sincerely,</p>"
    },
    {
        "order": 11,
        "class": "",
        "covervisible" : "not-visible",
        "clickable" : "",
        "heading": "team-letter", 
        "bigTitle": "Letter from the Team", 
        "type" : "welcome evolution approach partners communities reach impact team contact",
        "width" : "col-md-12",
        "height" : "height3",
        "modal": "modal",
        "html"  : "<img style='width:100%;' src='img/items/signatures.png'>"
    },
    {
        "order": 20,
        "class": "",
        "covervisible" : "not-visible",
        "clickable" : "",
        "heading": "team-letter", 
        "imageUrl": "", 
        "bigTitle": "Letter from the Team", 
        "type" : "welcome evolution approach partners communities reach impact team contact",
        "width" : "col-md-12",
        "height" : "",
        "modal": "modal"
    },
    {
        "order": 30,
        "id" : "Evolution",
        "class": "",
        "covervisible" : "not-visible",
        "clickable" : "",
        "heading": "team-letter", 
        "imageUrl": "", 
        "bigTitle": "Letter from the Team", 
        "type" : "evolution approach partners communities reach impact team contact",
        "width" : "col-md-12",
        "height" : "",
        "modal": "modal",
        "html"  : "<h1>The Evolution of KDMD</h1>"
    },

    {
        "order": 40,
        "class": "",
        "covervisible" : "not-visible",
        "clickable" : "",
        "heading": "team-letter", 
        "imageUrl": "", 
        "bigTitle": "Letter from the Team",
        "type" : "evolution approach partners communities reach impact team contact",
        "width" : "col-md-12",
        "height" : "",
        "modal": "modal",
        "html"  : "<p>As knowledge management practitioners, it is our job to continuously adapt to our clients needs in order to ensure better development outcomes. During the five years that our project was active, we tripled our number of USAID buy-ins and continuously developed cutting-edge solutions to meet our partners' knowledge management needs.</p>"
    },
    {
        "order": 50,
        "class": "",
        "covervisible" : "not-visible",
        "clickable" : "",
        "heading": "", 
        "imageUrl": "", 
        "bigTitle": "", 
        "type" : "evolution approach partners communities reach impact team contact",
        "width" : "col-md-12",
        "height" : "",
        "modal": "modal",
        "html" : "<iframe src='http://embed.verite.co/timeline/?source=0Aocy56ezsv3EdFVuZUU1MlJLcERBSUhzZXh2ZjhxRFE&usp=Bevan-PotanoSans&maptype=toner&width=100%&height=400' width='100%' height='400' frameborder='0'></iframe>"
    },
    {
        "order": 60,
        "class": "",
        "covervisible" : "visible",
        "clickable" : "clickable",
        "heading": "Stacey Young discusses", 
        "imageUrl": "img/items/stacey.png", 
        "bigTitle": "The Need for KM at USAID", 
        "type" : "evolution approach partners communities reach impact team contact",
        "width" : "col-md-4",
        "height" : "height1",
        "href" : "#stacey-video",
        "modal": "modal"
    },
    {
        "order": 70,
        "class": "",
        "covervisible" : "visible",
        "clickable" : "clickable",
        "heading": "How our team has grown:", 
        "imageUrl": "img/items/ft-chart.png", 
        "bigTitle": "Number of Team Members over Time", 
        "type" : "evolution approach partners communities reach impact team contact",
        "width" : "col-md-4",
        "height" : "height1",
        "href" : "#staff-chart",
        "modal": "modal"
    },
    {
        "order": 80,
        "class": "",
        "covervisible" : "not-visible",
        "clickable" : "",
        "heading": "", 
        "imageUrl": "", 
        "bigTitle": "", 
        "type" : "evolution approach partners communities reach impact team contact",
        "width" : "col-md-4",
        "height" : "height1",
        "modal": "modal",
        "html" : "<div class='list-head'>Top Sub-Contractors</div><ol><li>Engility</li><li>TRG</li><li>GLS</li><li>Zaloni</li></ol></div></div>"
    },
    {
        "order": 89,
        "class": "",
        "covervisible" : "not-visible",
        "clickable" : "",
        "heading": "team-letter", 
        "imageUrl": "", 
        "bigTitle": "Letter from the Team", 
        "type" : "approach partners communities reach impact team contact",
        "width" : "col-md-12",
        "height" : "",
        "modal": "modal",
        "html"  : "<h1 width='100%'></h1>"
    },
    {
        "order": 90,
        "id" : "Approach",
        "class": "",
        "covervisible" : "not-visible",
        "clickable" : "",
        "heading": "team-letter", 
        "imageUrl": "", 
        "bigTitle": "Letter from the Team", 
        "type" : "approach partners communities reach impact team contact",
        "width" : "col-md-12",
        "height" : "",
        "modal": "modal",
        "html"  : "<h1 width='100%'>Our KM Approach</h1>"
    },
    {
        "order": 100,
        "class": "",
        "covervisible" : "not-visible",
        "clickable" : "",
        "heading": "team-letter", 
        "imageUrl": "", 
        "bigTitle": "Letter from the Team", 
        "type" : "approach partners communities reach impact team contact",
        "width" : "col-md-12",
        "height" : "",
        "modal": "modal",
        "html"  : "<p>Successful international development requires social and human change. During the past 5 years, it has been our job to continuously adapt to these changing needs. Over the life of the project, KDMD has tripled our number of USAID partners and have committed to delivering cutting-edge, best-in-class solutions to USAID's knowledge management needs.</p>"
    },
    {
        "order": 110,
        "class": "",
        "covervisible" : "not-visible",
        "clickable" : "",
        "heading": "Infographic", 
        "imageUrl": "", 
        "bigTitle": "What we do Infographic", 
        "type" : "approach partners communities reach impact team contact",
        "width" : "col-md-12",
        "height" : "height1",
        "modal": "modal",
        "html"  : "<img style='width:100%;' src='img/items/graphic21.png'>"
    },
    {
        "order": 125,
        "class": "",
        "covervisible" : "not-visible",
        "clickable" : "",
        "heading": "", 
        "imageUrl": "", 
        "bigTitle": "", 
        "type" : "approach partners communities reach impact team contact",
        "width" : "col-md-4",
        "height" : "height1",
        "modal": "modal",
        "html"  : "<h1 class='col-md-12 fig' style='margin-top:0px;'>78</h1><h2 class='col-md-12'>Number of after-action reports complted over the course of the project.</h2>"
    },
    {
        "order": 130,
        "class": "",
        "covervisible" : "not-visible",
        "clickable" : "",
        "heading": "", 
        "imageUrl": "", 
        "bigTitle": "", 
        "type" : "approach partners communities reach impact team contact",
        "width" : "col-md-4",
        "height" : "height1",
        "modal": "",
        "html"  : "<h1 class='col-md-12 fig' style='margin-top:0px;'>17</h1><h2 class='col-md-12'>Average number of action-items to complete for an event.</h2>"
    },
    {
        "order": 140,
        "class": "",
        "covervisible" : "not-visible",
        "clickable" : "",
        "heading": "", 
        "imageUrl": "", 
        "bigTitle": "", 
        "type" : "approach partners communities reach impact team contact",
        "width" : "col-md-4",
        "height" : "height1",
        "modal": "modal",
        "html"  : "<h1 class='col-md-12 fig' style='margin-top:0px;'>224</h1><h2 class='col-md-12'>Number of wiki pages authored by KDMD staff.</h2>"
    },
    {
        "order": 141,
        "class": "",
        "covervisible" : "not-visible",
        "clickable" : "",
        "heading": "", 
        "imageUrl": "", 
        "bigTitle": "", 
        "type" : "approach partners communities reach impact team contact",
        "width" : "col-md-4",
        "height" : "height1",
        "modal": "modal",
        "html" : "<div class='list-head'>Top Tools Used by Staff</div><ol><li>Basecamp</li><li>Skype</li><li>GoogleDocs</li><li>Wikispaces</li><li>Drupal</li></ol></div></div>"
    },
     {
        "order": 142,
        "class": "",
        "covervisible" : "not-visible",
        "clickable" : "",
        "heading": "", 
        "imageUrl": "", 
        "bigTitle": "", 
        "type" : "approach partners communities reach impact team contact",
        "width" : "col-md-8",
        "height" : "height1",
        "modal": "modal",
        "html" : "<img style='width:100%;' src='img/items/team-composition.png'>"

    },
    {
        "order": 143,
        "class": "",
        "covervisible" : "visible",
        "clickable" : "clickable",
        "heading": "Words Most Frequently Used In", 
        "imageUrl": "img/items/taxedo-2.png", 
        "bigTitle": "Our KSLAMs", 
        "type" : "approach partners communities reach impact team contact",
        "width" : "col-md-4",
        "height" : "height1",
        "href" : "#tag-cloud",
        "modal": "modal"
    },
    {
        "order": 144,
        "class": "",
        "covervisible" : "visible",
        "clickable" : "clickable",
        "heading": "Blog post:", 
        "imageUrl": "img/items/blog1.png", 
        "bigTitle": "Innovative Seminar Support", 
        "type" : "approach partners communities reach impact team contact",
        "width" : "col-md-4",
        "height" : "height1",
        "href" : "#seminar-support",
        "modal": "modal"
    },
    {
        "order": 145,
        "class": "",
        "covervisible" : "not-visible",
        "clickable" : "",
        "heading": "infographic: 6 phases of",  
        "bigTitle": "Learning Networks", 
        "type" : "approach partners communities reach impact team contact",
        "width" : "col-md-4",
        "height" : "height1",
        "modal": "modal",
        "html" : "<img src='img/items/ln-phases.png'>"
    },
    {
        "order": 146,
        "class": "",
        "covervisible" : "not-visible",
        "clickable" : "",
        "heading": "", 
        "imageUrl": "", 
        "bigTitle": "", 
        "type" : "approach partners communities reach impact team contact",
        "width" : "col-md-4",
        "height" : "height1",
        "modal": "modal",
        "html"  : "<h1 class='col-md-12 fig' style='margin-top:0px;'>476</h1><h2 class='col-md-12'>Number of videos produced by the KDMD project.</h2>"
    },
    {
        "order": 147,
        "class": "",
        "covervisible" : "visible",
        "clickable" : "clickable",
        "heading": "Blog post:", 
        "imageUrl": "img/items/gantt.png", 
        "bigTitle": "Gantt Chart", 
        "type" : "approach partners communities reach impact team contact",
        "width" : "col-md-4",
        "height" : "height1",
        "href" : "#gantt",
        "modal": "modal"
    },
    {
        "order": 150,
        "class": "",
        "covervisible" : "not-visible",
        "clickable" : "",
        "heading": "team-letter", 
        "imageUrl": "", 
        "bigTitle": "Letter from the Team", 
        "type" : "approach partners communities reach impact team contact",
        "width" : "col-md-12",
        "height" : "height1",
        "modal": "modal"
    },
    {
        "order": 155,
        "id" : "Approach",
        "class": "",
        "covervisible" : "not-visible",
        "clickable" : "",
        "heading": "team-letter", 
        "imageUrl": "", 
        "bigTitle": "Letter from the Team", 
        "type" : "partners communities reach impact team contact",
        "width" : "col-md-12",
        "height" : "",
        "modal": "modal",
        "html"  : "<h1 width='100%'></h1>"
    },
    {
        "order": 160,
        "id" : "Partners",
        "class": "",
        "covervisible" : "not-visible",
        "clickable" : "",
        "heading": "team-letter", 
        "imageUrl": "", 
        "bigTitle": "Letter from the Team", 
        "type" : "partners communities reach impact team contact",
        "width" : "col-md-12",
        "height" : "",
        "modal": "modal",
        "html"  : "<h1 width='100%'>Our USAID Partners</h1>"
    },
    {
        "order": 161,
        "class": "",
        "covervisible" : "not-visible",
        "clickable" : "",
        "heading": "team-letter", 
        "imageUrl": "", 
        "bigTitle": "Letter from the Team", 
        "type" : "partners communities reach impact team contact",
        "width" : "col-md-12",
        "height" : "",
        "modal": "modal",
        "html"  : "<p>KDMD has always had a unique relationship with our partners. We are bridge builders. Due to our broad reach throughout USAID, we have been exceptionally positioned to make connections among our partners across bureaus, offices, and missions.</p>"
    },
    {
        "order": 170,
        "class": "",
        "covervisible" : "visible",
        "clickable" : "clickable",
        "heading": "USAID's Kristin O'Planick discusses", 
        "imageUrl": "img/items/kristin.png", 
        "bigTitle": "The Importance of KM", 
        "type" : "partners communities reach impact team contact",
        "width" : "col-md-4",
        "height" : "height1",
        "modal": "modal",
        "href" : "#kristin-video",
        "html"  : ""
    },
    {
        "order": 180,
        "class": "",
        "covervisible" : "visible",
        "clickable" : "clickable",
        "heading": "Transparency Report", 
        "imageUrl": "img/items/timechart.png", 
        "bigTitle": "Our Funding Over Time", 
        "type" : "partners communities reach impact team contact",
        "width" : "col-md-8",
        "height" : "height1",
        "modal": "modal",
        "html"  : ""
    },
    {
        "order": 190,
        "class": "",
        "covervisible" : "not-visible",
        "clickable" : "",
        "heading": "", 
        "imageUrl": "", 
        "bigTitle": "", 
        "type" : "partners communities reach impact team contact",
        "width" : "col-md-4",
        "height" : "height2",
        "modal": "modal",
        "html" : "<div class='list-head'>Top Partner Needs</div><ol><li>Curriculum development</li><li>Website creation</li><li>Knowledge capture</li><li>Outreach & engagement</li><li>Activity scoping</li><li>Activity assessment</li><li>Sharing best practices</li></ol></div></div>"
    },
    {
        "order": 191,
        "class": "",
        "covervisible" : "visible",
        "clickable" : "clickable",
        "heading": "USAID's Zachary Baquet discusses", 
        "imageUrl": "img/items/zachary.png", 
        "bigTitle": "Zachary Interview", 
        "type" : "partners communities reach impact team contact",
        "width" : "col-md-4",
        "height" : "height1",
        "modal": "modal",
        "html"  : "",
        "href" : "#zachary-video"
    },
    {
        "order": 192,
        "class": "",
        "covervisible" : "visible",
        "clickable" : "clickable",
        "heading": "Blog post:", 
        "imageUrl": "img/items/diaspora.png", 
        "bigTitle": "Our Partner Organization", 
        "type" : "partners communities reach impact team contact",
        "width" : "col-md-4",
        "height" : "height1",
        "href" : "#diaspora",
        "modal": "modal"
    },
    {
        "order": 193,
        "class": "",
        "covervisible" : "not-visible",
        "clickable" : "", 
        "bigTitle": "The Importance of KM", 
        "type" : "partners communities reach impact team contact",
        "width" : "col-md-4",
        "height" : "height1",
        "modal": "modal",
        "html"  : "<h1 class='col-md-12 fig' style='margin-top:0px;'>33</h1><h2 class='col-md-12'>Number of USAID activity leads over the course of the project.</h2>"
    },
    {
        "order": 194,
        "class": "",
        "covervisible" : "visible",
        "clickable" : "clickable",
        "heading": "USAID's Zachary Baquet discusses", 
        "imageUrl": "img/items/jeanne.png", 
        "bigTitle": "Jeanne Interview", 
        "type" : "partners communities reach impact team contact",
        "width" : "col-md-4",
        "height" : "height1",
        "modal": "modal",
        "html"  : "",
        "href" : "#jeanne-video"
    },
    {
        "order": 195,
        "class": "",
        "covervisible" : "not-visible",
        "clickable" : "", 
        "bigTitle": "The Importance of KM", 
        "type" : "partners communities reach impact team contact",
        "width" : "col-md-4",
        "height" : "height1",
        "modal": "modal",
        "html"  : "<h1 class='col-md-12 fig' style='margin-top:0px;'>476</h1><h2 class='col-md-12'>Number of videos produced by the KDMD project.</h2>"
    },
    {
        "order": 196,
        "class": "",
        "covervisible" : "visible",
        "clickable" : "clickable",
        "heading": "Outreach Product", 
        "imageUrl": "img/items/pcycle.png", 
        "bigTitle": "Program Cycle", 
        "type" : "partners communities reach impact team contact",
        "width" : "col-md-4",
        "height" : "height1",
        "href" : "#pc-video",
        "modal": "modal"
    },
    {
        "order": 197,
        "class": "",
        "covervisible" : "visible",
        "clickable" : "clickable",
        "heading": "Outreach Product", 
        "imageUrl": "img/items/eande.png", 
        "bigTitle": "E&E Digital Story", 
        "type" : "partners communities reach impact team contact",
        "width" : "col-md-4",
        "height" : "height1",
        "href" : "#ee-video",
        "modal": "modal"
    },
    {
        "order": 198,
        "class": "",
        "covervisible" : "visible",
        "clickable" : "clickable",
        "heading": "Outreach Product", 
        "imageUrl": "img/items/mstar.png", 
        "bigTitle": "mSTAR Video", 
        "type" : "partners communities reach impact team contact",
        "width" : "col-md-4",
        "height" : "height1",
        "href" : "#mstar-video",
        "modal": "modal"
    },
    {
        "order": 199,
        "class": "",
        "covervisible" : "visible",
        "clickable" : "clickable",
        "heading": "Outreach Product", 
        "imageUrl": "img/items/jamaica.png", 
        "bigTitle": "Jamaica Handover", 
        "type" : "partners communities reach impact team contact",
        "width" : "col-md-4",
        "height" : "height1",
        "href" : "#diaspora",
        "modal": "modal"
    },
     {
        "order": 200,
        "class": "",
        "covervisible" : "visible",
        "clickable" : "clickable",
        "heading": "Outreach Product", 
        "imageUrl": "img/items/diaspora.png", 
        "bigTitle": "Diaspora Engagement", 
        "type" : "partners communities reach impact team contact",
        "width" : "col-md-4",
        "height" : "height1",
        "href" : "#diaspora-video",
        "modal": "modal"
    },
    {
        "order": 201,
        "class": "",
        "covervisible" : "not-visible",
        "clickable" : "",
        "heading": "team-letter", 
        "imageUrl": "", 
        "bigTitle": "Letter from the Team", 
        "type" : "communities reach impact team contact",
        "width" : "col-md-12",
        "height" : "",
        "modal": "modal",
        "html"  : "<h1 width='100%'></h1>"
    },
    {
        "order": 202,
        "id" : "Communities",
        "class": "",
        "covervisible" : "not-visible",
        "clickable" : "",
        "heading": "team-letter", 
        "imageUrl": "", 
        "bigTitle": "Letter from the Team", 
        "type" : "communities reach impact team contact",
        "width" : "col-md-12",
        "height" : "",
        "modal": "modal",
        "html"  : "<h1>Building Communities</h1>"
    },
    {
        "order": 203,
        "class": "",
        "covervisible" : "not-visible",
        "clickable" : "",
        "heading": "team-letter", 
        "imageUrl": "", 
        "bigTitle": "Letter from the Team", 
        "type" : "communities reach impact team contact",
        "width" : "col-md-12",
        "height" : "",
        "modal": "modal",
        "html"  : "<p>People have always been at the center of the work we do. KDMD has brought international development professionals together across space and time to share ideas and information. In order to facilitate a lasting conversation within our communities, KDMD has developed exciting learning products that extend the reach of foreign assistance.</p>"
    },
    {
        "order": 204,
        "class": "",
        "covervisible" : "not-visible",
        "clickable" : "",
        "heading": "team-letter", 
        "imageUrl": "", 
        "bigTitle": "Letter from the Team", 
        "type" : "communities reach impact team contact",
        "width" : "col-md-4",
        "height" : "",
        "modal": "modal",
        "html"  : "<h1 class='col-md-12 fig' style='margin-top:0px;'>219</h1><h2 class='col-md-12'>Hours of seminars organized by KDMD</h2>"
    },
    {
        "order": 205,
        "class": "",
        "covervisible" : "not-visible",
        "clickable" : "",
        "heading": "team-letter", 
        "imageUrl": "", 
        "bigTitle": "Letter from the Team", 
        "type" : "communities reach impact team contact",
        "width" : "col-md-4",
        "height" : "",
        "modal": "modal",
        "html"  : "<h1 class='col-md-12 fig' style='margin-top:0px;'>476</h1><h2 class='col-md-12'>Number of videos produced by the KDMD project.</h2>"
    },
    {
        "order": 210,
        "class": "",
        "covervisible" : "not-visible",
        "clickable" : "",
        "heading": "team-letter", 
        "imageUrl": "", 
        "bigTitle": "Letter from the Team", 
        "type" : "communities reach impact team contact",
        "width" : "col-md-4",
        "height" : "",
        "modal": "modal",
        "html"  : "<h1 class='col-md-12 fig' style='margin-top:0px;'>8,331</h1><h2 class='col-md-12'>Number of webinar participants who joined a KDMD event online.</h2>"
    },
    {
        "order": 220,
        "class": "",
        "covervisible" : "visible",
        "clickable" : "clickable",
        "heading": "USAID's Zachary Baquet discusses", 
        "imageUrl": "img/items/partners.png", 
        "bigTitle": "Partners", 
        "type" : "communities reach impact team contact",
        "width" : "col-md-4",
        "height" : "height1",
        "modal": "modal",
        "html"  : "",
        "href" : "#partners-modal"
    },
    {
        "order": 230,
        "class": "",
        "covervisible" : "not-visible",
        "clickable" : "",
        "heading": "", 
        "imageUrl": "", 
        "bigTitle": "", 
        "type" : "communities reach impact team contact",
        "width" : "col-md-8",
        "height" : "height1",
        "modal": "modal",
        "html" : "<img style='width:100%;' src='img/items/webinarvsperson.png'>"

    },
    {
        "order": 240,
        "class": "",
        "covervisible" : "not-visible",
        "clickable" : "",
        "heading": "", 
        "imageUrl": "", 
        "bigTitle": "", 
        "type" : "communities reach impact team contact",
        "width" : "col-md-8",
        "height" : "height1",
        "modal": "modal",
        "html" : "<img style='width:100%;' src='img/items/monthly-events.png'>"

    },
    {
        "order": 250,
        "class": "",
        "covervisible" : "not-visible",
        "clickable" : "",
        "heading": "team-letter", 
        "imageUrl": "", 
        "bigTitle": "Letter from the Team", 
        "type" : "communities reach impact team contact",
        "width" : "col-md-4",
        "height" : "",
        "modal": "modal",
        "html"  : "<h1 class='col-md-12 fig' style='margin-top:0px;'>37</h1><h2 class='col-md-12'>Number of online courses created by KDMD.</h2>"
    },
    {
        "order": 300,
        "class": "",
        "covervisible" : "not-visible",
        "clickable" : "",
        "heading": "team-letter", 
        "imageUrl": "", 
        "bigTitle": "Letter from the Team", 
        "type" : "reach impact team contact",
        "width" : "col-md-12",
        "height" : "",
        "modal": "modal",
        "html"  : "<h1 width='100%'></h1>"
    },
    {
        "order": 301,
        "id" : "Reach",
        "class": "",
        "covervisible" : "not-visible",
        "clickable" : "",
        "heading": "team-letter", 
        "imageUrl": "", 
        "bigTitle": "Letter from the Team", 
        "type" : "reach impact team contact",
        "width" : "col-md-12",
        "height" : "",
        "modal": "modal",
        "html"  : "<h1>Our Reach</h1>"
    },
    {
        "order": 302,
        "class": "",
        "covervisible" : "not-visible",
        "clickable" : "",
        "heading": "team-letter", 
        "imageUrl": "", 
        "bigTitle": "Letter from the Team", 
        "type" : "reach impact team contact",
        "width" : "col-md-12",
        "height" : "",
        "modal": "modal",
        "html"  : "<p>KDMD understands that people learn in different ways. That means traditional approaches won't do. Our creativity knows no bounds when it comes to designing engaging events and producing innovative, digital products which are spread far and wide.</p>"
    },
    {
        "order": 305,
        "class": "",
        "covervisible" : "visible",
        "clickable" : "clickable",
        "heading": "Website Evolution", 
        "imageUrl": "img/items/webEvolution.png", 
        "bigTitle": "Blog on the Evolution of our Websites", 
        "type" : "reach impact team contact",
        "width" : "col-md-12",
        "height" : "height1",
        "modal": "modal",
        "href" : "#our-websites"
    },
    {
        "order": 310,
        "class": "",
        "covervisible" : "visible",
        "clickable" : "clickable",
        "heading": "Infographic", 
        "imageUrl": "img/items/al-cycle.png", 
        "bigTitle": "Life Cycle", 
        "type" : "reach impact team contact",
        "width" : "col-md-4",
        "height" : "height1",
        "modal": "modal",
        "href" : "#life-cycle"
    },
    {
        "order": 320,
        "class": "",
        "covervisible" : "not-visible",
        "clickable" : "",
        "heading": "team-letter", 
        "imageUrl": "", 
        "bigTitle": "Letter from the Team", 
        "type" : "reach impact team contact",
        "width" : "col-md-4",
        "height" : "height1",
        "modal": "modal",
        "html"  : "<h1 class='col-md-12 fig'>143</h1><h2 class='col-md-12'>Newsletters sent over the course of the project.</h2>"
    },
    {
        "order": 330,
        "class": "",
        "covervisible" : "not-visible",
        "clickable" : "",
        "heading": "team-letter", 
        "imageUrl": "", 
        "bigTitle": "Letter from the Team", 
        "type" : "reach impact team contact",
        "width" : "col-md-4",
        "height" : "height1",
        "modal": "modal",
        "html"  : "<h1 class='col-md-12 fig'>1,013</h1><h2 class='col-md-12'>Number of tweets in our most popular twitter-chat: 'Serving the Poorest Smallholder Farmers'</h2>"
    },
    {
        "order": 335,
        "class": "",
        "covervisible" : "visible",
        "clickable" : "clickable",
        "heading": "Website Evolution", 
        "imageUrl": "img/items/tchat.png", 
        "bigTitle": "Twitter Chat", 
        "type" : "reach impact team contact",
        "width" : "col-md-4",
        "height" : "height1",
        "modal" : "modal",
        "href" : "#tchat"
    },
    {
        "order": 336,
        "class": "",
        "covervisible" : "visible",
        "clickable" : "clickable",
        "heading": "Website Evolution", 
        "imageUrl": "img/items/otr.png", 
        "bigTitle": "Roadshow", 
        "type" : "reach impact team contact",
        "width" : "col-md-4",
        "height" : "height1",
        "modal" : "modal",
        "href" : "#road-show"
    },
    {
        "order": 340,
        "class": "",
        "covervisible" : "not-visible",
        "clickable" : "",
        "heading": "team-letter", 
        "imageUrl": "", 
        "bigTitle": "Letter from the Team", 
        "type" : "reach impact team contact",
        "width" : "col-md-4",
        "height" : "height1",
        "modal": "modal",
        "html"  : "<h1 class='col-md-12 fig'>219</h1><h2 class='col-md-12'>Hours of seminars organized by KDMD staff.</h2>"
    },
    {
        "order": 350,
        "class": "",
        "covervisible" : "not-visible",
        "clickable" : "",
        "heading": "team-letter", 
        "imageUrl": "", 
        "bigTitle": "Letter from the Team", 
        "type" : "reach impact team contact",
        "width" : "col-md-4",
        "height" : "height1",
        "modal": "modal",
        "html"  : "<h1 class='col-md-12 fig'>8,517</h1><h2 class='col-md-12'>Combined number of social media followers on Twitter, Facebook, and YouTube.</h2>"
    },
    {
        "order": 400,
        "class": "",
        "covervisible" : "not-visible",
        "clickable" : "",
        "heading": "team-letter", 
        "imageUrl": "", 
        "bigTitle": "Letter from the Team", 
        "type" : "impact team contact",
        "width" : "col-md-12",
        "height" : "",
        "modal": "modal",
        "html"  : "<h1 width='100%'></h1>"
    },
    {
        "order": 401,
        "id" : "Impact",
        "class": "",
        "covervisible" : "not-visible",
        "clickable" : "",
        "heading": "team-letter", 
        "imageUrl": "", 
        "bigTitle": "Letter from the Team", 
        "type" : "impact team contact",
        "width" : "col-md-12",
        "height" : "",
        "modal": "modal",
        "html"  : "<h1>Our Impact</h1>"
    },
    {
        "order": 410,
        "class": "",
        "covervisible" : "not-visible",
        "clickable" : "",
        "heading": "team-letter", 
        "imageUrl": "", 
        "bigTitle": "Letter from the Team", 
        "type" : "impact team contact",
        "width" : "col-md-4",
        "height" : "height1",
        "modal": "modal",
        "html"  : "<img src='img/items/stars.png'><h2 class='col-md-12'>Average rating participants gave our seminars.</h2>"
    },
    {
        "order": 420,
        "class": "",
        "covervisible" : "visible",
        "clickable" : "clickable",
        "heading": "team-letter", 
        "imageUrl": "img/items/userChart.png", 
        "bigTitle": "Letter from the Team", 
        "type" : "impact team contact",
        "width" : "col-md-4",
        "height" : "height1",
        "modal": "modal",
        "href" : "#user-growth"
    },
    {
        "order": 430,
        "class": "",
        "covervisible" : "not-visible",
        "clickable" : "",
        "heading": "team-letter", 
        "imageUrl": "", 
        "bigTitle": "Letter from the Team", 
        "type" : "impact team contact",
        "width" : "col-md-4",
        "height" : "height1",
        "modal": "modal",
        "html"  : "<h1 class='col-md-12 fig'>935</h1><h2 class='col-md-12'>Number of USAID staff who received training from the KDMD project.</h2>"
    },
    {
        "order": 440,
        "class": "",
        "covervisible" : "visible",
        "clickable" : "clickable",
        "heading": "USAID's Zachary Baquet discusses", 
        "imageUrl": "img/items/ribbon.png", 
        "bigTitle": "Web Awards", 
        "type" : "impact team contact",
        "width" : "col-md-4",
        "height" : "height1",
        "modal": "modal",
        "html"  : "",
        "href" : "#web-awards"
    },

    {
        "order": 500,
        "class": "",
        "covervisible" : "not-visible",
        "clickable" : "",
        "heading": "team-letter", 
        "imageUrl": "", 
        "bigTitle": "Letter from the Team", 
        "type" : "team contact",
        "width" : "col-md-12",
        "height" : "",
        "modal": "modal",
        "html"  : "<h1 width='100%'></h1>"
    },
    {
        "order": 501,
        "id" : "Team",
        "class": "",
        "covervisible" : "not-visible",
        "clickable" : "",
        "heading": "team-letter", 
        "imageUrl": "", 
        "bigTitle": "Letter from the Team", 
        "type" : "team contact",
        "width" : "col-md-12",
        "height" : "",
        "modal": "modal",
        "html"  : "<h1>Our Story, Our Team</h1>"
    },
    {
        "order": 510,
        "class": "",
        "covervisible" : "not-visible",
        "clickable" : "",
        "heading": "team-letter", 
        "imageUrl": "", 
        "bigTitle": "Letter from the Team", 
        "type" : "team contact",
        "width" : "col-md-12",
        "height" : "",
        "modal": "modal",
        "html"  : "<p>Like any organization, many people have come and gone over the years. Even so, each KDMD-er's contribution is represented in where we are today. In the future, we hope others will continue down the path we’ve traveled and boldly forge new directions.</p>"
    },
    {
        "order": 600,
        "class": "",
        "covervisible" : "not-visible",
        "clickable" : "",
        "heading": "team-letter", 
        "imageUrl": "", 
        "bigTitle": "Letter from the Team", 
        "type" : "team contact",
        "width" : "col-md-12",
        "height" : "",
        "modal": "modal",
        "html"  : "<h1 width='100%'></h1>"
    },
    {
        "order": 601,
        "id" : "Contact",
        "class": "",
        "covervisible" : "not-visible",
        "clickable" : "",
        "heading": "team-letter", 
        "imageUrl": "", 
        "bigTitle": "Letter from the Team", 
        "type" : "contact",
        "width" : "col-md-12",
        "height" : "",
        "modal": "modal",
        "html"  : "<h1>Contact</h1>"
    }

]
