[
     
    {
        "order": 10,
        "class": "",
        "covervisible" : "not-visible",
        "clickable" : "",
        "heading": "team-letter", 
        "imageUrl": "", 
        "bigTitle": "Letter from the Team", 
        "type" : "welcome",
        "width" : "col-md-12",
        "height" : "",
        "modal": "modal",
        "html"  : "<h1>Letter from the Team</h1><p>From 2008 to 2013, the Knowledge-Driven Microenterprise Development Project (KDMD) worked to strengthen USAID’s knowledge management capabilities. At its core, knowledge management is about sharing lessons learned and best practices – which is why we are excited to present our experiences and achievements through this interactive final report.<br><br>KDMD was originally created as a small knowledge management project with the purpose of helping international development practitioners learn, coordinate, and distribute foreign assistance more effectively. We began with just eight full-time staff assisting three USAID partners in the management of seminars and creation of learning products. However, as we gained recognition for the quality and importance of our work, ten additional partners bought into our project and our staff grew threefold.<br><br>Along the way, we’ve also grown our skill set to encompass innovative techniques such as facilitating online seminar participation, using social media to share best practices, and creating online learning communities. We believe this growth reflects how knowledge management is evolving from individual efforts towards a comprehensive learning agenda that is becoming a cornerstone of international development.<br><br>Over the years, KDMD played a major role in promoting knowledge management at USAID and in the broader international development community. Our knowledge management products have attracted thousands of participants, users, and viewers. To accomplish this, our team spent thousands of hours supporting our partners – and we’re proud to share the results.<br><br>As you scroll through this final report, you’ll see a story of the challenges KDMD created to address, our solutions, and our impact. We hope you’ll continue our story by reflecting on how our experiences relate to your own work and sharing these lessons with others.<br><br>Sincerely,</p>"
    },
    {
        "order": 11,
        "class": "",
        "covervisible" : "not-visible",
        "clickable" : "",
        "heading": "team-letter", 
        "bigTitle": "Letter from the Team", 
        "type" : "welcome",
        "width" : "col-md-12",
        "height" : "height3",
        "modal": "modal",
        "html"  : "<img style='width:100%;' src='img/items/signatures.png'>"
    },
    {
        "order": 20,
        "class": "",
        "covervisible" : "not-visible",
        "clickable" : "",
        "heading": "team-letter", 
        "imageUrl": "", 
        "bigTitle": "Letter from the Team", 
        "type" : "welcome",
        "width" : "col-md-12",
        "height" : "",
        "modal": "modal"
    },
    {
        "order": 30,
        "class": "",
        "covervisible" : "not-visible",
        "clickable" : "",
        "heading": "team-letter", 
        "imageUrl": "", 
        "bigTitle": "Letter from the Team", 
        "type" : "evolution",
        "width" : "col-md-12",
        "height" : "",
        "modal": "modal",
        "html"  : "<h1>The Evolution of KDMD</h1>"
    },

    {
        "order": 40,
        "class": "",
        "covervisible" : "not-visible",
        "clickable" : "",
        "heading": "team-letter", 
        "imageUrl": "", 
        "bigTitle": "Letter from the Team", 
        "type" : "evolution",
        "width" : "col-md-12",
        "height" : "",
        "modal": "modal",
        "html"  : "<p>As knowledge management practitioners, it is our job to continuously adapt to our clients needs in order to ensure better development outcomes. During the five years that our project was active, we tripled our number of USAID buy-ins and continuously developed cutting-edge solutions to meet our partners' knowledge management needs.</p>"
    },

    {
        "order": 50,
        "class": "",
        "covervisible" : "not-visible",
        "clickable" : "",
        "heading": "", 
        "imageUrl": "", 
        "bigTitle": "", 
        "type" : "evolution",
        "width" : "col-md-12",
        "height" : "",
        "modal": "modal",
        "html" : "<iframe src='http://embed.verite.co/timeline/?source=0Aocy56ezsv3EdFVuZUU1MlJLcERBSUhzZXh2ZjhxRFE&usp=Bevan-PotanoSans&maptype=toner&width=100%&height=400' width='100%' height='400' frameborder='0'></iframe>"
    },
    {
        "order": 60,
        "class": "",
        "covervisible" : "visible",
        "clickable" : "clickable",
        "heading": "Stacey Young discusses", 
        "imageUrl": "img/items/stacey.png", 
        "bigTitle": "The Need for KM at USAID", 
        "type" : "evolution",
        "width" : "col-md-4",
        "height" : "height1",
        "href" : "#stacey-video",
        "modal": "modal"
    },
    {
        "order": 70,
        "class": "",
        "covervisible" : "visible",
        "clickable" : "clickable",
        "heading": "How our team has grown:", 
        "imageUrl": "img/items/ft-chart.png", 
        "bigTitle": "Number of Team Members over Time", 
        "type" : "evolution",
        "width" : "col-md-4",
        "height" : "height1",
        "href" : "#staff-chart",
        "modal": "modal"
    },
    {
        "order": 80,
        "class": "",
        "covervisible" : "not-visible",
        "clickable" : "",
        "heading": "", 
        "imageUrl": "", 
        "bigTitle": "", 
        "type" : "evolution",
        "width" : "col-md-4",
        "height" : "height1",
        "modal": "modal",
        "html" : "<div class='list-head'>Top Partners</div><ol><li>Engility</li><li>TRG</li><li>GLS</li><li>Zaloni</li></ol></div></div>"
    },
    {
        "order": 90,
        "class": "",
        "covervisible" : "not-visible",
        "clickable" : "",
        "heading": "team-letter", 
        "imageUrl": "", 
        "bigTitle": "Letter from the Team", 
        "type" : "approach",
        "width" : "col-md-12",
        "height" : "",
        "modal": "modal",
        "html"  : "<h1 width='100%'>Our KM Approach</h1>"
    },
    {
        "order": 100,
        "class": "",
        "covervisible" : "not-visible",
        "clickable" : "",
        "heading": "team-letter", 
        "imageUrl": "", 
        "bigTitle": "Letter from the Team", 
        "type" : "approach",
        "width" : "col-md-12",
        "height" : "",
        "modal": "modal",
        "html"  : "<p>KDMD brings international development professionals together to share ideas and information and develops learning products and activities that extend the reach of foreign assistance.</p>"
    },
    {
        "order": 110,
        "class": "",
        "covervisible" : "not-visible",
        "clickable" : "",
        "heading": "Infographic", 
        "imageUrl": "", 
        "bigTitle": "What we do Infographic", 
        "type" : "approach",
        "width" : "col-md-12",
        "height" : "height1",
        "modal": "modal",
        "html"  : "<img style='width:100%;' src='img/items/graphic21.png'>"
    },
    {
        "order": 120,
        "class": "",
        "covervisible" : "visible",
        "clickable" : "clickable",
        "heading": "Infographic", 
        "imageUrl": "img/items/zachary.png", 
        "bigTitle": "Program Cycle", 
        "type" : "approach",
        "width" : "col-md-4",
        "height" : "height1",
        "modal": "modal"
    },
    {
        "order": 130,
        "class": "",
        "covervisible" : "not-visible",
        "clickable" : "",
        "heading": "", 
        "imageUrl": "", 
        "bigTitle": "", 
        "type" : "approach",
        "width" : "col-md-4",
        "height" : "height1",
        "modal": "",
        "html"  : "<h1 class='col-md-12 fig' style='margin-top:0px;'>17</h1><h2 class='col-md-12'>Average number of action-items to complete for an event.</h2>"
    },
    {
        "order": 140,
        "class": "",
        "covervisible" : "not-visible",
        "clickable" : "",
        "heading": "", 
        "imageUrl": "", 
        "bigTitle": "", 
        "type" : "approach",
        "width" : "col-md-4",
        "height" : "height1",
        "modal": "modal",
        "html"  : "<h1 class='col-md-12 fig' style='margin-top:0px;'>224</h1><h2 class='col-md-12'>Number of wiki pages authored by KDMD staff.</h2>"
    },
    {
        "order": 141,
        "class": "",
        "covervisible" : "not-visible",
        "clickable" : "",
        "heading": "", 
        "imageUrl": "", 
        "bigTitle": "", 
        "type" : "approach",
        "width" : "col-md-4",
        "height" : "height1",
        "modal": "modal",
        "html" : "<div class='list-head'>Top Tools Used by Staff</div><ol><li>Basecamp</li><li>Skype</li><li>GoogleDocs</li><li>Wikispaces</li><li>Drupal</li></ol></div></div>"
    },
     {
        "order": 142,
        "class": "",
        "covervisible" : "not-visible",
        "clickable" : "",
        "heading": "", 
        "imageUrl": "", 
        "bigTitle": "", 
        "type" : "approach",
        "width" : "col-md-8",
        "height" : "height1",
        "modal": "modal",
        "html" : "<img style='width:100%;' src='img/items/team-composition.png'>"

    },
    {
        "order": 143,
        "class": "",
        "covervisible" : "visible",
        "clickable" : "clickable",
        "heading": "Words Most Frequently Used In", 
        "imageUrl": "img/items/taxedo-2.png", 
        "bigTitle": "Our KSLAMs", 
        "type" : "approach",
        "width" : "col-md-4",
        "height" : "height1",
        "href" : "#tag-cloud",
        "modal": "modal"
    },
    {
        "order": 144,
        "class": "",
        "covervisible" : "visible",
        "clickable" : "clickable",
        "heading": "Blog post:", 
        "imageUrl": "img/items/blog1.png", 
        "bigTitle": "Innovative Seminar Support", 
        "type" : "approach",
        "width" : "col-md-4",
        "height" : "height1",
        "href" : "#stacey-video",
        "modal": "modal"
    },
    {
        "order": 145,
        "class": "",
        "covervisible" : "visible",
        "clickable" : "clickable",
        "heading": "infographic: 6 phases of", 
        "imageUrl": "img/items/zachary.png", 
        "bigTitle": "Learning Networks", 
        "type" : "approach",
        "width" : "col-md-4",
        "height" : "height1",
        "href" : "#stacey-video",
        "modal": "modal"
    },
    {
        "order": 150,
        "class": "",
        "covervisible" : "not-visible",
        "clickable" : "",
        "heading": "team-letter", 
        "imageUrl": "", 
        "bigTitle": "Letter from the Team", 
        "type" : "approach",
        "width" : "col-md-12",
        "height" : "height1",
        "modal": "modal"
    },
    {
        "order": 160,
        "class": "",
        "covervisible" : "not-visible",
        "clickable" : "",
        "heading": "team-letter", 
        "imageUrl": "", 
        "bigTitle": "Letter from the Team", 
        "type" : "partners",
        "width" : "col-md-12",
        "height" : "",
        "modal": "modal",
        "html"  : "<h1>Our USAID Partners</h1>"
    },
    {
        "order": 170,
        "class": "",
        "covervisible" : "visible",
        "clickable" : "clickable",
        "heading": "USAID's Kristin O'Planick discusses", 
        "imageUrl": "img/items/kristin.png", 
        "bigTitle": "The Importance of KM", 
        "type" : "partners",
        "width" : "col-md-4",
        "height" : "height1",
        "modal": "modal",
        "html"  : ""
    },
    {
        "order": 180,
        "class": "",
        "covervisible" : "visible",
        "clickable" : "clickable",
        "heading": "Transparency Report", 
        "imageUrl": "img/items/timechart.png", 
        "bigTitle": "Our Funding Over Time", 
        "type" : "partners",
        "width" : "col-md-8",
        "height" : "height1",
        "modal": "modal",
        "html"  : ""
    },
    {
        "order": 190,
        "class": "",
        "covervisible" : "not-visible",
        "clickable" : "",
        "heading": "", 
        "imageUrl": "", 
        "bigTitle": "", 
        "type" : "partners",
        "width" : "col-md-4",
        "height" : "height2",
        "modal": "modal",
        "html" : "<div class='list-head'>Top Partner Needs</div><ol><li>Curriculum development</li><li>Website creation</li><li>Knowledge capture</li><li>Outreach & engagement</li><li>Activity scoping</li><li>Activity assessment</li><li>Sharing best practices</li></ol></div></div>"
    },
    {
        "order": 191,
        "class": "",
        "covervisible" : "visible",
        "clickable" : "clickable",
        "heading": "USAID's Zachary Baquet discusses", 
        "imageUrl": "img/items/zachary.png", 
        "bigTitle": "Zachary Interview", 
        "type" : "partners",
        "width" : "col-md-4",
        "height" : "height1",
        "modal": "modal",
        "html"  : ""
    },
    {
        "order": 192,
        "class": "",
        "covervisible" : "visible",
        "clickable" : "clickable",
        "heading": "Blog post:", 
        "imageUrl": "img/items/diaspora.png", 
        "bigTitle": "Our Partner Organization", 
        "type" : "partners",
        "width" : "col-md-4",
        "height" : "height1",
        "href" : "#diaspora",
        "modal": "modal"
    },
    {
        "order": 193,
        "class": "",
        "covervisible" : "not-visible",
        "clickable" : "", 
        "bigTitle": "The Importance of KM", 
        "type" : "partners",
        "width" : "col-md-4",
        "height" : "height1",
        "modal": "modal",
        "html"  : "<h1 class='col-md-12 fig' style='margin-top:0px;'>33</h1><h2 class='col-md-12'>Number of USAID activity leads over the course of the project.</h2>"
    },
    {
        "order": 194,
        "class": "",
        "covervisible" : "visible",
        "clickable" : "clickable",
        "heading": "USAID's Zachary Baquet discusses", 
        "imageUrl": "img/items/zachary.png", 
        "bigTitle": "Thom Interview", 
        "type" : "partners",
        "width" : "col-md-4",
        "height" : "height1",
        "modal": "modal",
        "html"  : ""
    },
    {
        "order": 195,
        "class": "",
        "covervisible" : "not-visible",
        "clickable" : "", 
        "bigTitle": "The Importance of KM", 
        "type" : "partners",
        "width" : "col-md-4",
        "height" : "height1",
        "modal": "modal",
        "html"  : "<h1 class='col-md-12 fig' style='margin-top:0px;'>476</h1><h2 class='col-md-12'>Number of videos produced by the KDMD project.</h2>"
    },
    {
        "order": 196,
        "class": "",
        "covervisible" : "visible",
        "clickable" : "clickable",
        "heading": "Outreach Product", 
        "imageUrl": "img/items/pcycle.png", 
        "bigTitle": "Program Cycle", 
        "type" : "partners",
        "width" : "col-md-4",
        "height" : "height1",
        "href" : "#diaspora",
        "modal": "modal"
    },
    {
        "order": 197,
        "class": "",
        "covervisible" : "visible",
        "clickable" : "clickable",
        "heading": "Outreach Product", 
        "imageUrl": "img/items/eande.png", 
        "bigTitle": "E&E Digital Story", 
        "type" : "partners",
        "width" : "col-md-4",
        "height" : "height1",
        "href" : "#diaspora",
        "modal": "modal"
    },
    {
        "order": 198,
        "class": "",
        "covervisible" : "visible",
        "clickable" : "clickable",
        "heading": "Outreach Product", 
        "imageUrl": "img/items/mstar.png", 
        "bigTitle": "mSTAR Video", 
        "type" : "partners",
        "width" : "col-md-4",
        "height" : "height1",
        "href" : "#diaspora",
        "modal": "modal"
    },
    {
        "order": 199,
        "class": "",
        "covervisible" : "visible",
        "clickable" : "clickable",
        "heading": "Outreach Product", 
        "imageUrl": "img/items/jamaica.png", 
        "bigTitle": "Jamaica Handover", 
        "type" : "partners",
        "width" : "col-md-4",
        "height" : "height1",
        "href" : "#diaspora",
        "modal": "modal"
    },
     {
        "order": 200,
        "class": "",
        "covervisible" : "visible",
        "clickable" : "clickable",
        "heading": "Outreach Product", 
        "imageUrl": "img/items/diaspora.png", 
        "bigTitle": "Diaspora Engagement", 
        "type" : "partners",
        "width" : "col-md-4",
        "height" : "height1",
        "href" : "#diaspora",
        "modal": "modal"
    },
    {
        "order": 201,
        "class": "",
        "covervisible" : "not-visible",
        "clickable" : "",
        "heading": "team-letter", 
        "imageUrl": "", 
        "bigTitle": "Letter from the Team", 
        "type" : "communities",
        "width" : "col-md-12",
        "height" : "",
        "modal": "modal",
        "html"  : "<h1>Building Communities</h1>"
    },
    {
        "order": 202,
        "class": "",
        "covervisible" : "not-visible",
        "clickable" : "",
        "heading": "team-letter", 
        "imageUrl": "", 
        "bigTitle": "Letter from the Team", 
        "type" : "communities",
        "width" : "col-md-4",
        "height" : "",
        "modal": "modal",
        "html"  : "<h1 class='col-md-12 fig' style='margin-top:0px;'>219</h1><h2 class='col-md-12'>Hours of seminars organized by KDMD</h2>"
    },
    {
        "order": 203,
        "class": "",
        "covervisible" : "not-visible",
        "clickable" : "",
        "heading": "team-letter", 
        "imageUrl": "", 
        "bigTitle": "Letter from the Team", 
        "type" : "communities",
        "width" : "col-md-4",
        "height" : "",
        "modal": "modal",
        "html"  : "<h1 class='col-md-12 fig' style='margin-top:0px;'>476</h1><h2 class='col-md-12'>Number of videos produced by the KDMD project.</h2>"
    },
    {
        "order": 300,
        "class": "",
        "covervisible" : "not-visible",
        "clickable" : "",
        "heading": "team-letter", 
        "imageUrl": "", 
        "bigTitle": "Letter from the Team", 
        "type" : "reach",
        "width" : "col-md-12",
        "height" : "",
        "modal": "modal",
        "html"  : "<h1>Our Reach</h1>"
    },
    {
        "order": 400,
        "class": "",
        "covervisible" : "not-visible",
        "clickable" : "",
        "heading": "team-letter", 
        "imageUrl": "", 
        "bigTitle": "Letter from the Team", 
        "type" : "impact",
        "width" : "col-md-12",
        "height" : "",
        "modal": "modal",
        "html"  : "<h1>Our Impact</h1>"
    },
    {
        "order": 500,
        "class": "",
        "covervisible" : "not-visible",
        "clickable" : "",
        "heading": "team-letter", 
        "imageUrl": "", 
        "bigTitle": "Letter from the Team", 
        "type" : "contact",
        "width" : "col-md-12",
        "height" : "",
        "modal": "modal",
        "html"  : "<h1>Contact</h1>"
    }

]
